LOC,NOM,CC,FanIn,FanOut,Churn,Age,Defects
876.1792699386078,32.091451499149294,14.577052014504055,4.779383410640005,3.1923340506899898,66.02230506513962,17.682349741224176,9.38904061304447
540.0039734398761,9.262970165587037,9.112305563221748,4.205106367452534,3.6216734106136776,62.52379550708926,21.53963683975769,2.585498725870929
987.6127989516143,26.046796095887316,18.372236084706195,3.705115020163665,4.209387071533168,179.50880373249032,15.564585897146662,9.502732574659504
1035.1411790978034,17.700323438139744,8.8620623178154,7.176552214298525,7.053676166365209,119.8173967369955,14.722808573055985,10.846191219270004
312.2412028365409,19.57072957919807,8.816923584488821,2.755585109410564,1.9749087649238537,87.29597184733635,18.738832306035665,5.406626073651353
474.4551232844205,12.629710425072357,14.705658054022656,8.120596341048156,7.311541386978745,129.9231664641834,2.6326725928385475,6.356303869660541
831.9601007918213,17.658806793508862,15.814632411684684,3.5491371015438014,2.694332624248551,0.0,21.816281017811665,9.785935632606858
720.9393519141045,29.10031216289271,14.240496819681018,1.4459671100595437,0.3905555556688127,97.41198462154556,17.99549522301633,6.231712175433369
795.7997106239278,24.078586693913948,3.5720134130759593,4.13983916198965,6.877798614720924,219.85085066828577,18.317548212780494,8.435641997976221
586.739018106605,32.12618123786961,14.690172199641255,1.8475095993624637,2.2045228847851295,107.94079038416035,25.685874460755713,8.98552407517275
1019.8494937157071,28.241883222843853,6.828459741628005,2.4964883043729995,3.560599169658686,104.07479015016013,2.377475759614015,9.687619551807881
994.4479838572371,23.073606752507033,13.176380557941318,4.794066600030982,4.207173638288274,132.88770277853178,2.2093290411282904,10.438236542717476
816.507674390304,32.20754168317455,4.881327823004699,5.11116417730025,4.888016164676991,153.73631459886073,20.190430762588157,11.353053348807132
1081.8103017420083,23.072952111168092,14.231610737715318,2.7556645994914835,1.8993998218470574,0.0,17.943065158971873,8.312884461134365
916.8773355630115,25.795917237579413,7.967005478463137,5.974810290092801,2.792760288189759,0.0,19.361415545535458,8.159788309824227
585.1768842791904,17.92400332525704,5.5868267486973915,6.315015516042267,4.661404383824828,112.61747746516879,14.302983398620436,6.637680916603664
892.1876960206247,20.465820711014434,15.569100682411998,6.872603513126582,4.699861097150109,57.10740628614942,23.31482939391945,8.558733624860961
560.2793497927503,15.11803323689806,13.208222608383757,5.058826814251445,2.359086280709516,178.72151573319485,25.46111074392896,8.633657240130095
1019.6125753268182,26.92708754216397,8.930115993035514,6.726857424171397,5.292426655013674,81.08953660688657,21.871858351612218,9.62259653896117
787.5185222534368,11.751874638195941,19.25589424510532,0.23840314405188456,1.8283499593098416,0.0,15.913372332763334,8.055521961087932
753.7844091136849,25.47645239692363,9.796737892151288,3.364186902743075,3.31086350149785,23.919164989360183,1.1384848990847765,7.87553911502545
629.7676138990147,18.665442597463883,12.160538369854674,2.2659894873531474,3.8146660021385563,0.0,24.153889664297026,6.328329289684374
1105.6353346685075,28.198729654271236,13.344567238393005,4.238451722254784,4.731630814535834,85.95246776302525,27.773829329740742,8.395441871895256
761.3676294827994,25.256082921118818,8.901670329356932,2.8571015616065254,3.7961721524647163,88.69695236413699,23.156467295871842,8.311811964263295
692.9180444592232,32.74452310352761,14.355681466999647,3.6676843161005355,2.5866079217350455,74.53223741308614,10.962860581059948,8.134648239708419
711.9666123779426,25.115422837970513,9.332738264176378,7.764349760408098,8.393090905439303,164.73274234178433,23.390355149342064,10.016570680377308
933.0772963883371,8.995718210427315,9.941808388918954,3.6605604071592435,4.535017488048458,171.9111901910016,24.884237663691565,13.644345186433648
891.3610160910196,19.531327789712595,18.813213199016705,4.827584634380428,4.135607883699997,89.77669459863333,30.470529982392684,8.130644397547375
903.1831528989972,11.795949651836288,6.797069737437835,3.53546134015153,4.20690978489093,0.0,10.991120606176338,7.029784324740655
907.7052507519707,16.37204110343608,1.0,4.151426575913668,4.830851886203467,137.0368948295355,16.188363323646893,10.428620855862976
1335.4119002176153,30.57859903293705,20.054684975059473,4.012033360872143,3.3525702155160433,133.32161371051453,23.978176409147643,12.123134124583077
698.3962459038461,24.46273667628387,24.746639763035013,4.896648131946319,3.5493260132211244,118.5634942094167,18.45928057150526,14.022676708890742
671.9393177321157,15.107486999948776,9.97365367275334,6.330615071094353,4.9096610728164265,158.88878495848695,9.061379183589802,7.455839471019855
596.5568179380306,12.903978434917207,2.3158097968990745,7.294787995206659,7.3985946455124125,30.1103142123376,21.316930280213626,6.490325482641748
953.994855643874,20.229474650133824,10.447580119020282,4.619240163818334,5.0116520063655114,220.5253231711083,22.629293070521335,9.148100501920647
1082.2430731802228,11.484078954332105,10.568885250796654,5.179093772071204,4.228062775521707,42.43433481148792,18.703703170648016,7.1470633537973365
771.5131355862812,15.302018058223933,11.050380794888715,1.6982709816288661,1.7301733912201844,144.9533756320513,19.756679417439553,8.832263096432523
589.960880759368,22.184066300858706,6.433059790390759,3.824246515168759,4.508890958534941,0.0,15.93035278651416,7.508325522235901
593.8796960771901,28.087184252746873,14.897805712382386,5.880578929767178,6.622407787365539,44.184118763796945,29.826231485728474,8.566373249256971
962.6481969561753,24.26133030557108,14.62253687643043,5.731937276834307,7.594193420981293,190.98211880352017,10.794462530298588,13.406796162457384
985.8135428008605,3.9609734398133014,4.527971900903467,4.4232194655901,5.955596464227752,84.346010619949,13.301433897889769,7.141811701749514
935.7885670762987,22.130567103211817,15.49598365847444,5.772787919135904,4.571238199828052,150.39535630796786,18.087884108220205,9.298287654141681
633.6225731778264,20.504235012628044,22.263424909729455,4.981533417987638,7.001836869433265,114.21732332315477,25.03163222160714,14.5284192463427
858.04033076668,22.897231997608852,12.8598016621853,6.400612516518644,5.763440711051786,93.70251063998964,6.021014639243706,9.36793851626684
829.1714522851821,31.31346777155845,10.31337418965747,4.578718313914222,5.832565688859535,181.83101949596139,7.517626001876486,8.724955631973476
854.6721491822532,5.5573320623668,11.289983927962393,3.2886033688579306,3.3701873201192374,85.80047052088598,1.6981719381222575,5.584553024928782
1017.8571944870474,15.862276023662261,15.076283834842807,4.671682513866047,4.177103259717686,0.0,18.261561802026165,5.667158343513009
855.8988871936706,24.136344259553482,3.3466419724639085,0.0,0.0,51.805594482897696,9.053553462347649,8.709385397027525
969.7283907679737,8.928839203822404,12.821953514886511,4.765771472770099,4.559894060510481,133.07150372210165,14.923599119856666,8.049095824452529
816.8947673722229,30.33164333637456,10.04768025268595,0.0,0.0,123.73054638175049,23.291025519133665,9.158871561095172
872.2798496724961,22.57849628890461,21.239125064780225,0.5530731851891639,1.7138322682004907,5.976504985873703,12.867658233737227,7.4857946231289905
957.8220564596351,25.926087900903827,11.12913633097521,4.903537201881968,6.723688390449066,56.53944883550794,19.850256181946918,10.26743252592955
435.71104503608336,16.00339436934744,20.339438055597597,4.955058674533591,3.998765487377563,65.09671904786521,15.605296737986224,5.103898067126389
720.0821959106747,25.696345829763473,6.481296511089964,1.675142439720139,2.0375073307432645,78.0718243531465,23.376914520771493,5.406981007750391
682.4068364268011,27.479300891923266,14.936295834013961,2.5757959162421225,1.705326089832552,17.445184683906916,21.80102453878407,7.5995481737709065
640.2805379391646,21.63014614096018,13.597001318956144,6.741081977228264,5.986900301064116,62.297733512831286,12.46453043060312,8.674945954382355
731.2144371933291,21.640806248890872,7.654763760676088,3.031939736854648,3.9613333814930933,56.28337088442835,16.650785972796378,7.831996615424374
1173.7353278085989,21.892402674972082,12.886980573184703,8.48584062480597,8.439594710593875,146.29199558571514,26.349947181763955,9.470137338237087
583.5422210766892,13.956583146824329,18.062594184158,3.9961602936473075,6.083737943964522,148.54727865941462,21.147014962032777,9.958667313180046
1042.0695886478702,18.96729923831753,10.381041478566996,4.816072353762534,4.237393379319029,91.25137251467103,6.824303537990948,7.153228560286807
379.28255709604883,18.932342272833488,3.5401867541511844,7.233748796997215,8.432952395966602,76.47761224775611,23.24494448937106,5.32352358252442
716.2787425035563,22.683757050474465,11.91218586761277,4.26205423238684,4.378950327936178,108.3954587223468,9.323115020510095,6.264236197118825
840.6882662762514,26.99876972837206,7.487884526037437,1.9953120386183976,2.9502456503114773,51.005493552665506,29.300104559688048,10.534912789310777
946.5555828398195,12.590247426151134,10.288295306680588,3.78054509661142,3.243955907815484,31.19007506995355,26.192790718728197,8.571485670236191
977.8066449482137,19.124936787762955,11.592061151574395,3.928778527619818,3.8693079225579186,43.586727464456985,20.319083807347205,9.23836387692207
998.3368087999813,30.370188833612815,3.471738919922414,1.2705166955968692,1.1319180404381475,61.911210161712596,19.257862747489547,10.680851938915467
712.8187319378906,14.794882398312051,3.92170830339661,3.4883358573183534,2.4850673195034085,30.191572012463737,16.32774195178064,11.51031173456946
684.4120518338582,14.244249878967757,14.410334177627625,2.5156158120051266,3.3101136535032296,109.72357354377249,23.428191611200226,4.485797159501107
1014.4939703142885,21.416143342818355,9.386406519151599,5.848715514374868,6.629014321068905,143.7829404270225,15.033774644303506,8.336313822653803
752.1739187795963,25.91069633339724,1.0,4.069223748370511,4.781489382257192,4.774101952105497,19.88455896511915,5.1723519741930595
481.0784191655195,20.079982388924616,15.924220183040674,3.43440850170486,5.278767286406033,101.507722672962,24.97547493215561,6.051631645840402
516.6781964991299,29.302724133058923,13.361848776371199,3.7876361387548476,5.526849900238412,86.80385228401987,13.505547651795283,5.671553782189093
570.1369284995972,25.99755787796569,8.43062587981758,4.446244036812332,3.9963104089933696,120.49052113220817,13.070458080074443,7.214568425386979
924.290186013441,25.892740468230432,5.4158489447087925,5.23362839937956,5.6812911815005736,99.22367391378472,8.445076154204328,6.15986782463259
835.6064340176413,23.87881550926865,16.179039481571685,2.0005755426612373,1.2522547155513821,12.784043204102147,9.484218030990622,7.866639428639191
972.621338516942,36.2935717024226,13.746753112802148,1.9168247347574563,1.944851114094923,24.256642068570073,3.372837508467981,8.473249840315434
693.1868384158664,18.563868177937692,23.913011413420367,6.20935843080506,5.489659091862422,101.76541453509836,23.838630312124238,9.928173887053733
839.6349227691785,5.975343955534402,14.100942993624686,3.175326255590539,5.1194106265538,161.72685518473057,32.47131633666217,10.087035997014002
956.3975984918342,31.229780530619987,13.938515706310074,1.1663158148062518,1.6027535952178071,0.0,29.402631547762446,9.351216223330708
722.6633650699404,16.79610398330222,11.165360349457174,4.887625418766209,4.6259904650409025,120.7435947880948,4.9913240909878684,7.145424817702431
914.1938093893529,20.75516311040123,16.083879336003953,4.926739612065374,6.359081898293026,171.37732031725858,23.7988373724496,14.695691220311595
634.5185147333372,29.16685479402369,15.125426006240769,0.9385694854865871,0.0,90.8184474276272,29.37685079938845,8.648281870011326
709.2365383587321,8.784183212587523,18.258625042825976,4.458963430927213,2.042040317088865,133.01214976158644,14.345520154090687,4.24880980597354
704.5655265004177,11.238469501257024,9.393385406813575,5.471166184856747,6.426172571120476,57.81585514613187,18.811579445200394,4.8791596729794335
501.04008860274007,8.791054440168024,9.822962635280188,4.748772903412526,4.821335041153367,92.8380280433874,1.9368555935626368,2.6011460195710545
921.7431201963955,14.441045969822033,9.6044841454401,5.26396296752279,5.564498527835703,2.7451889015109003,20.13388934381313,6.999852300542625
682.6494149493191,23.077456242118956,15.954008605894945,1.1914618038185019,0.0,0.0,9.49152216452226,6.036920924446178
803.1235296819218,23.669314899689397,19.49187220148366,4.662080309992391,4.634199856971952,156.5659480735165,19.597080143292118,9.062521715838814
920.1866647264773,21.933919255299877,9.705797534253497,3.394760481059107,5.798971773540718,40.90030433653349,5.510376622488957,11.74155580891129
911.632794007486,10.110638812753434,9.876131361034544,3.0344196825507104,4.023459226305746,72.66832929979417,22.342865795820767,8.72587622926155
966.3462772431966,3.829275943571492,13.570386119348996,5.741111218839453,5.944759073010828,16.813464803788406,26.19610140341352,8.584692185638756
775.3786288726441,20.380475097732678,10.771192499935493,6.95854902134846,6.431684329222535,15.401817814967444,11.734561106278658,5.137377128301832
694.1754219889616,16.697567764531648,16.76026826569945,7.588740109200717,7.115252686957445,89.56973799432302,8.904619348716524,6.039560764355122
780.0704472734002,23.21570040201628,1.0,6.62961574301181,4.074578275971788,56.22536835186121,1.0,6.737637940646883
378.16639151049253,24.91367538354889,7.866474765415527,3.7805316367396324,4.089700141845025,122.6782598796819,15.868691727398584,7.481588153110899
438.2218818942282,20.967690024410775,8.087918330192771,4.7054403260526865,5.720020056230911,127.15230513877552,13.347248525747158,3.5916006901986925
469.3250969113994,25.320931597630977,1.0,5.533645743568488,3.6429025509637496,119.25097877947643,5.591844701215562,6.33617152016152
550.6882930996296,21.604479618805478,7.18180777815598,4.242355898598924,3.4486556278307448,114.31604745570662,21.624150050497374,7.4466377888235815
899.9435566808592,23.710452939210267,7.42421942077037,4.261528375823088,2.8725708171429822,194.6660922959132,14.400236945082806,9.357079857701942
573.6302361599849,15.067287159910823,10.994476727405848,5.647506263752364,4.489084829981848,35.94437385730684,9.39411233083814,4.430531939854203
705.4593614901526,18.742720103179792,17.56482945830132,3.8814347079481357,3.945612660134416,96.70390802782494,13.563420754876423,7.060526971173477
1124.8070744465163,21.3774326765987,10.774696744046489,2.5414261272526772,0.0401435412665081,167.96138923117533,26.570436311436925,9.874825024919408
710.9340072346436,25.74369932792193,6.845931398644231,3.1710538683282827,3.9081783943567596,175.8723885602822,22.823495550041777,9.379079808962503
984.3788921167716,17.243811794427994,11.715227293932355,5.2678207554674845,6.172446839387903,14.694181039325628,16.95979150801208,8.886457135439699
566.5955799975308,23.648170790124787,17.245868107206746,4.0059865823999115,3.7046634767556164,81.2586735006478,22.95284014771882,10.019301207944714
748.6406105330925,18.139128456592346,7.120205919425476,4.680419953736676,1.703569741755226,181.48726575203563,8.712704348906088,7.885228859000826
562.4944862723547,19.177204828703086,7.447125580392757,5.3401584844043795,4.144456133201512,130.48474631194392,18.258960805816244,6.665245414187839
715.2417310248594,25.806633294168513,14.792744796371117,3.250317074204781,4.729799395128016,111.71578188878637,19.178578643891765,9.69483577977414
1010.077034364349,6.048577402620909,10.892319421345997,5.512496327259612,2.178903190385325,86.9389183939206,14.241307932010185,8.88913671033595
368.1698942019128,10.924693703476674,15.237423453547372,4.757685206916789,4.340657112284566,76.97194445753527,21.483666687659344,5.3606132389905135
908.6059108864644,9.624702217900255,11.931766041023517,1.5303738261770428,0.11437289201633205,117.29314378541946,11.75653236284439,9.379578491220444
859.4339005830694,3.6646871610618668,15.508318240447835,6.884609582372489,7.850093944274293,84.85755250093099,22.078565662208945,9.972096836033321
651.4625110758013,15.252148918913763,6.824609429796796,2.9985105124861677,2.188373769914014,97.44528273733334,22.414870172250335,9.58515733679966
438.48553640288634,25.246037298094183,11.939576746058663,0.6898093136296324,1.1745541385123661,104.71592236690225,1.0,10.350068050314274
818.0323769284673,18.00581153532198,10.946549928184215,1.9099125808273953,2.588465083830307,59.31570829039005,27.52244562808094,5.875919274323472
667.6268227340494,21.384530573592965,5.920545379479346,1.957909678643356,4.161380686319379,131.9277624328863,1.0,7.677054814338559
858.169052838676,27.62452247697555,4.182610260656558,4.104346637315067,3.8608163049046227,274.8546789049252,13.071607795550998,10.946735115012538
805.4630363808607,29.29380292587384,15.428745176373308,3.4522989889075255,3.903552232454659,0.0,26.20278427406204,7.575024736893266
1200.4447228302288,19.516034456917023,10.24523808891011,3.3263360647188143,1.544269489765891,119.4407514513988,15.461706197980474,8.246431769031437
740.1610931317439,29.47510122698578,6.888598591763352,5.239403930964958,6.667900206917451,54.388594682865666,6.270512140243664,4.6781769782811455
544.1256268445338,20.644886609038764,11.519105315383339,4.679750722385408,3.76714010469977,134.644154651155,9.250103506266635,7.916207554995671
844.818908739079,14.138212433207766,17.640094286746514,4.632095741288572,3.9591907443832777,102.79344839967166,26.215245970564958,7.165379927400374
854.9991709929413,15.839197534608854,1.0,4.8196569146573855,4.792959560838333,145.71128644254782,2.627963755610894,8.102360439881343
1139.7968938101092,9.636244412044887,4.516806550483368,5.232269336004476,3.356808121596657,170.53039459052678,27.03192880769614,7.929828475365694
1008.7778114786446,13.783063023864432,7.3855677905236625,0.0,0.2745240347147256,111.54526706609087,17.559183207661686,5.927194248871164
889.2177647873773,17.493883183478996,19.305894333601643,3.2711234954710777,4.43208302298109,167.92313730485068,8.460837356460532,10.31317660087055
1165.8257228048906,25.625095135650213,13.412934914596482,0.0,0.35152058819674986,0.0,13.33507942157847,8.36049788284212
502.8092364192873,32.04538881816188,15.836586202306133,4.0721198535955905,2.1654427765811204,195.42713787496137,9.86220527118687,10.494876084566782
640.0621168125631,10.32472939236072,6.299195404368847,3.9907340555513096,3.8421629023557182,122.5037291135404,24.929801606868228,11.592740642602728
568.3560146486188,22.74979227781943,6.402320623647369,6.091064549579361,6.98149923315475,164.67060134471092,23.859422478102708,9.202372487064535
702.547549211058,12.716192425897258,14.239068583613552,6.375268785442241,4.121682266283152,26.807455309508697,4.246710928991627,7.288000577624525
455.8284631109228,23.322879619242414,12.291371654677233,4.405550096504735,3.115830879923478,50.15380710367986,14.771263051845327,4.259361211719984
958.787736703601,19.082393445185915,14.743694094320633,2.9992778452062003,4.051130170104024,108.75629764868646,11.094514701245783,6.417292166469068
744.4443257253066,7.183659219067287,11.06164504535774,4.970322225091476,5.29443674612822,98.97772663975222,28.348079747674962,10.757619909066925
432.2984263743355,26.49807894097939,13.390718632273135,2.944164725351373,3.4385306239034774,116.98411528059938,7.199207054988632,5.635918905860561
546.1052296981146,15.764995010338883,12.790595424525545,3.9972146971133022,6.228608466261276,165.07090965579795,30.83383283748011,6.580322689555937
878.3784618625489,16.262698331385117,15.888836945424627,5.972272633921536,6.534535968128979,0.0,17.7336420838645,7.292233698638834
1009.5316419735952,12.51173312097217,16.035041409722353,2.884457308021153,3.673922920540968,158.42914430303856,8.7045247489593,9.344052757670562
1299.1827229229466,15.420017063187112,3.900640028041151,5.611357278485002,8.864251911146994,100.49691459747562,12.581806527925778,7.785887383733186
1528.4656165018323,22.99523308486442,1.0,5.354802737384604,5.098237267676016,87.77308833252714,11.587049273852395,9.447558242654633
903.6023583189991,18.675289613445162,17.008726988257536,2.090416365738357,1.1329570493961632,11.733085936906576,7.803052783875952,9.577841005072177
552.6154699920339,22.300634015977366,17.93862546630968,5.9477882564348015,6.461143934331361,130.1829201026119,18.758614877843005,7.0899392434380175
266.9884298171727,22.533452977501906,6.896884902433313,5.39713269074301,5.923921926009684,0.0,8.176675594465253,1.9378293619384799
866.9278655859589,29.244631588697168,2.7008229672718578,4.203851774745315,3.5717933044098653,138.90364067432276,1.0,10.523904214937128
596.7647261724185,17.600496943949345,12.495174105036005,2.4753530839446958,1.2364766604788788,10.47364987162048,14.962588233214616,6.783966548255506
696.1606849550786,9.661995282079877,16.654191131752647,2.2815879628488602,5.053401269356954,103.20747475704844,3.577150428656939,6.2660335090574915
646.9758002350479,27.47055691600388,20.987972612171575,2.9246748461939553,3.316887010659583,92.84986976032478,11.982713055459836,5.3815637749611
764.8022783959037,17.679582795319217,14.581487860507256,5.08518892658392,4.206446468901429,170.172288837633,10.727176891173153,7.6568128967412985
1066.4950576969109,27.802147112041638,10.141416517071525,2.088749665197204,3.1878660279327224,89.28068985916659,11.030271423793486,9.07995419031479
839.2621418613362,22.683639792277294,7.534346892075686,4.87502449723974,4.744050315366138,58.35168633126006,34.00770481272123,10.387018769024191
760.341290740328,19.082037288576586,12.057256458353272,1.5164889422432148,1.2130312066618174,69.60383824172783,18.451292537356565,5.311347302290388
541.0865617935472,22.441431258324066,10.503676480573718,3.591862831122302,4.266590277419694,176.37296612527982,19.962968071962656,8.478019313454492
381.32926382391076,33.657087920884095,6.924660471355919,4.219295509148017,2.669036787269989,132.17781815085362,3.788813629261643,8.714440474996481
678.4230227316673,34.53886370337627,22.24377825431643,8.890260290117833,9.313412934818441,76.86220110861032,12.768294930904624,4.780982408050812
786.5543622954199,20.48566794592945,20.925842010360654,1.2453686889592652,3.540914458237368,85.8132148021292,19.722421039532097,10.750199710039098
1241.9824783949707,21.12133415321953,17.68024341777714,6.944029132980267,7.50344232761704,5.969374564873178,9.803768696695949,6.722894843575816
832.5686303682214,27.5336811022647,7.395748010954362,4.29968482797456,3.848230303434403,123.30845205109246,25.264502748143883,9.687444286178037
1045.6848777557643,14.08037277062857,16.275096621486394,4.822343836031926,4.213817499518036,0.0,8.378427312791759,7.926292797316065
675.1761003652119,22.331492608327785,15.198132047489509,4.236695826776409,3.744287858762278,145.10778795012737,15.709070913078595,11.001274957419575
503.76405839574386,19.818960064323004,14.212728121020264,4.889453636390466,4.584698422733129,107.71729554947595,13.31158688019553,8.589512551622345
558.720809441907,22.197357480202875,18.248326335218884,3.6926297912759645,3.239261951966038,243.21710797443535,19.31456527505533,5.368640262178446
618.6934838660617,14.16641835835416,15.176855714306388,6.908100362914917,8.007674092204397,33.991866776541656,12.876079425156593,5.276400700093626
1332.1174331087911,8.873027546837218,15.700071181521677,3.087057711550555,1.0072067876997752,93.84027453756202,15.8328509834325,9.595189726606138
594.6533301939035,5.489115948060958,15.18453141686105,6.264469144358495,7.298869204853055,207.89726205538375,16.110959265776117,8.454156076134602
1009.6223009340863,12.178311209072746,13.703957040010529,2.711265759573954,2.2556419294028807,171.48337841748486,12.124897940869591,10.419188006147895
574.2682054782434,16.78927300542467,3.081944351429083,3.879496307197426,4.331833650031873,58.22727690520602,21.8807509479769,7.755971852979595
1032.893253218561,17.947658893458666,12.418105387052787,1.8560748954195616,0.5036894031785251,113.43804570240687,19.9071069986994,10.12823853565348
896.2377415264658,33.560618137006614,9.219040205754375,4.91004744069504,6.504404720914364,100.11996138490524,17.29108843797466,9.06531377448141
760.8405255854774,27.741953589351088,5.600795211799897,6.890251913853067,8.385013866059314,116.91735204364943,14.556333332304336,5.110229031402028
789.8093684661414,13.265362185608609,20.40908309650412,3.8452876403582916,4.99679627125838,58.079173840910215,24.372352244159977,7.136242119436357
636.3030761426523,22.433959167156697,20.644976704428515,3.606228602592181,1.7885228716399337,94.64077583795593,16.11332604948655,8.971713427839656
911.5180503705201,17.150452345547723,18.79610300147806,1.7707660738641464,2.7657113591434097,4.116857483397183,15.546421697392503,5.203425454145341
686.2541299148049,18.009453133719333,13.276067084279372,3.541414692895384,4.0272407980582345,108.10740711208493,18.837520239105007,9.275416390136883
493.59855905818796,21.297279545907674,18.753125604763284,0.8144114805569447,0.0,127.00124040530991,31.572693463766804,9.871409591681141
480.5156064200952,24.334197818827754,12.060265903009128,2.1742440265623455,2.1450871660373667,86.35483524136696,7.277150335830369,7.095183309343171
843.1469794305299,17.625190612811892,13.013986384488897,4.453572092218271,4.891013479058186,3.0969465649127272,24.15885514444284,1.0106778283333657
1194.7728141026087,27.44696072914051,6.532643147690085,6.638026395482792,7.305316724070574,159.31191177108775,2.85463071009516,8.106933751197536
839.9979033933596,12.006432417003172,13.9849565224942,9.618421722459006,9.831135362797633,121.87150227956813,19.738185265828992,12.81765365637357
770.3404184725293,20.044373436535878,12.301929642122085,2.8268298298581986,3.176307530075054,56.43909413794139,30.600662620869848,6.64314377723182
871.4565349006357,38.183716086170826,5.486739415827678,6.87060031329088,8.638933983994594,83.16397318971616,21.909348195738456,5.506446110332391
1126.5004354267062,21.561558198376925,11.744014440917015,4.487504960803296,5.958745652696112,9.95983583308967,19.36500062831834,10.861592918713145
854.845625340964,30.03250154624321,11.601352180715958,3.697504706507248,0.25703876196795594,38.475392333325736,13.516404249575395,7.70587846339362
697.2681922915657,20.640641247212457,20.9878058332232,4.865188903452305,4.484262637647086,67.73131921857163,18.248377603908434,10.387268138215752
1076.5721775149723,24.065439667308578,16.471066642567045,4.1238329673599186,3.926251734307177,173.70524873680907,15.983497476773149,11.436694870777657
907.1891096154034,19.602517639251158,12.05722719545733,4.220791451224437,2.1182731639520713,61.629796546751464,11.712187136549158,8.682955125442795
1183.938997998998,18.807146931850568,13.243936549005415,3.1833336743466614,3.296353344225436,138.41281955972553,15.680995076201041,10.844756892109386
845.8086093054766,14.543623222922061,12.221061890520991,1.2037806804022986,2.7022900072949065,67.70102782830521,19.587049285011517,8.96088388597726
493.88274206987495,23.01210951270287,10.985430076022261,0.9127495949558369,0.0,114.8768536511125,11.862263451754878,11.593555244242275
457.96020018858377,14.039239675699624,6.5878640130585655,5.3064897665624535,5.7101708929903,91.51626987137188,11.549745434522528,8.223134280094555
1212.7319830578124,24.659096654194002,11.244740611965353,3.446599819828573,2.3476116470728474,152.3833960055646,7.118052499262605,7.2134341018764925
1230.9164301958242,27.59700903112137,8.269508716737434,2.8078222006876667,2.0015277722720546,67.91131970688653,21.12580020871117,10.27755526528682
755.1201966793499,22.56571985066061,5.748422305384268,4.017011253446307,5.789883614450349,5.648304999853551,22.362586095736482,8.993179635358263
704.203169716003,17.996258865110157,14.556109072737673,5.589864505831255,4.938795121697065,17.083058118182038,19.85328355389214,9.316006929096828
1165.3610730605506,23.177759055160873,13.956323299666174,4.360727886052796,4.915382872865546,68.08735036343455,25.721363941829328,8.820437785454672
523.238579489128,17.83928861117511,3.06646244315961,2.6878901267180653,0.44242838744488067,25.05640175931684,18.70294109664582,7.4403812933470395
576.3182452610433,26.548829878256043,11.386576812524364,6.452585911297899,8.687366984971757,124.61272094077307,21.136087498926052,10.623238089675421
960.8316986722612,7.180157410494134,16.978506929499616,7.158371005963264,7.881553941531063,72.05391010851534,20.4306994051005,13.604828782869841
701.3487192851026,17.650748423169475,17.296118694481606,4.989113310645706,4.770113499465392,242.4763930015859,17.26767984465434,8.884001100868131
798.7195333199821,6.064316034132016,17.129184214426193,5.94732702268818,6.637982834688054,0.0,13.753425374962822,5.4824858618449035
759.1392753688718,9.534574188409564,12.194566034507298,6.483919993627622,4.79213667889025,112.21799072258807,35.71322092633529,7.547191387845778
884.3936371997333,29.547035608697364,7.774773360154245,6.260198632809027,7.679235522912216,32.32281858965986,14.384392161171931,7.172443376213712
1151.8704653284292,26.2662948738018,6.581505863209697,5.228198354225247,4.839416623629531,70.39591957703928,12.672978311036509,7.281528254214354
822.6462267254363,14.963638367006467,13.723024523751787,5.196694094149766,4.951810676091645,108.48516840043266,21.472078587600855,2.964240966242225
960.9846983192144,9.48247580771372,13.896400171825816,5.0393211466930055,4.449334408734424,0.0,20.014835322360042,6.080974204482256
287.45697474224437,1.0,18.43665555802533,1.8053246509059129,1.1085429676112113,114.20956700728165,6.761667619117381,6.254612574312132
787.8203995174705,16.19553144447156,17.49989825171042,5.4014463137191715,6.235051047673262,214.17444773645008,26.98142603650991,9.543402813131623
589.1924324267823,36.942905085731816,11.33885671734414,1.288372057746892,1.5954602778719593,72.79370209788443,17.24644339719333,11.739610583109286
495.296734894093,23.04418990024553,5.778970605695653,2.4108010897498904,3.192898859433538,115.58847140833058,9.112551238274236,6.982837515808275
580.4619082678123,16.082993997653574,10.40446701494551,6.607130135616175,6.596576508233489,161.49530158752395,27.510272914830992,11.139259753143842
716.469139824797,23.255561466502144,13.086155974052623,5.680440325388395,6.296280098681012,90.1627899983802,23.00540457276923,8.984025372319728
1028.9756355890033,9.073291529038901,10.98958377305298,6.974796579371725,6.472178086661679,65.142388688111,7.883664064416687,9.549924620480237
468.401820565109,17.918736461116552,9.11052945961172,3.4566512326254157,6.132329442316873,0.0,32.217462722061796,6.368332928357743
807.6578731486044,20.69634231111017,13.264424074849494,1.695502317446465,0.0,138.45944316369838,23.27037894692954,11.476961270127383
678.9576416666054,19.39729543725266,9.480211292946947,3.5191256058593146,5.032250394134896,93.20989541626616,17.91843107499963,7.775425054996841
718.0817264095098,25.535642851830566,8.85966958137313,4.204062594481148,5.845551535346313,39.23896891671029,30.721750444974234,8.645417596601579
1050.689456326151,22.412516583652366,13.557264171517197,4.15797743268002,3.135386865521307,107.59580261666162,19.274382270637126,10.216801822681758
934.5288592509816,24.678282126755978,9.990037099353977,6.267360957513404,8.942489290180571,64.97917859162912,17.775335399167744,8.298722931559784
1134.349526860686,15.181394024384684,13.220521944891761,3.277459149993109,4.47204748952749,68.29443213306845,12.717599071824088,9.542481371852515
761.3735801875249,26.284707858873837,13.366020114260614,4.704068943605849,5.869435751793342,136.3774693665225,22.654803514456628,13.931985588548677
626.0143470823242,31.40255863336794,6.302854994542127,2.0227457011307877,2.05637232556184,19.697055320569334,21.812823738591838,6.112959235353837
744.0352957798751,13.208953362440113,9.59379438067294,4.900634556087626,4.639963166225214,162.8389171644255,18.11744111911769,9.37608502580083
860.6241978178055,13.786130409998082,19.18888469958231,4.006217100371273,3.7549265079237437,16.138830212895783,11.680109169059175,9.749309635038845
844.1433396134278,29.35049035424163,6.189602436328564,2.5003733234309653,2.969010039014386,60.237915498684174,19.039438833328592,10.210568355381328
528.9029819416584,18.66059209313458,1.4167277551473454,3.5283412756502943,5.20976480569097,215.37677164399463,17.441609713902896,8.393859990189998
822.6224454069686,29.8267497444659,2.690774233787442,3.6316485069695568,3.84922556840326,167.64128569854535,7.332205450126391,4.3365462853637755
857.0570825347263,16.902250016754714,12.145549732883346,3.459689741325808,2.3659573935610596,105.85623954972641,6.225501189406515,9.046378264865723
1429.3685093834802,30.185319033894977,12.154586390163495,7.5426824845353675,8.531994959397343,43.568187069927006,22.521227030478155,6.382928297539419
1269.2111528204175,20.920400717638167,11.411945722874396,3.8031079953842406,4.908488891057991,68.24366159800641,1.0,12.170677553489316
586.689162360295,21.807601763258866,18.07094914464251,3.5122077796453244,4.2977992137826675,104.39651887514178,19.64328421569008,8.554375745387256
728.1541596127059,30.95302615168933,1.0,0.0,0.8945986878299791,102.2513939403759,14.175335537969405,9.581806656137834
434.1394995407492,17.4676066578908,13.979669372154119,2.2115852960410454,1.8864715398516756,94.54774422244223,28.465972855039283,5.118082001977344
652.3232465091284,13.412145328525291,19.807191009017867,3.4738531510872943,2.359066150530599,98.15004915494895,14.052254326768994,4.558550945437283
878.9012508975851,16.86005054380152,6.36109617554143,2.6282946476467144,1.5864625308777787,87.13749341769315,23.27587371401517,8.185769039973351
1101.4634052220583,23.16633765450197,10.100967441050525,6.763415186755594,4.800859288606165,13.48127586159923,14.824689270097668,8.063761870695133
617.7290405640979,9.039686494736399,8.235540413856896,3.6701244492075626,3.954462783062702,69.00935547035003,18.90998522788915,5.306625323233481
636.4633899830509,24.46229631855785,7.528269769612356,6.576888498636505,6.476749958764593,154.87744323921078,23.89469224736041,9.040391578804371
263.1777425653363,16.228600776675798,10.3686899748848,4.123409268100736,3.5954240226650853,17.899942146932958,14.299554269403359,10.26955084774425
759.3335198637731,28.034688625134944,19.13742641842252,4.074455672843153,0.5277130836290693,88.62666930764328,25.972439075987232,10.450039710556295
534.3963970351092,3.2401778656966975,21.1869333774376,3.822407104574998,2.3256261409419956,50.81476427374936,10.050416983148136,8.042673027575358
667.6401431584816,14.494039574270818,10.320303874799261,4.007592503242918,5.352601284926719,106.68102576388668,20.356742740467034,9.359288299613906
580.7848054581029,8.194722941361286,21.52530107032235,7.437590006099718,6.640038806023961,76.68200913599091,25.381117782302823,10.511981931500303
776.4343614368607,14.216393735452332,12.177882384923125,0.0,0.4327100131882097,188.64361989848015,23.280299934322677,8.58134360878176
360.56790216084215,21.733661307762603,20.768455133505405,0.0,0.0,130.39498925141524,33.33155901388328,3.7328325990723883
433.23868865225234,18.745413621851714,11.533506751732542,2.9136583378877723,4.640104916718849,21.291810053367314,11.892485461514717,5.292470785905934
1332.3117780070745,18.226357017363895,12.655289130230722,4.029055763875138,3.856222571809526,140.2736806968219,6.966805989211297,12.095077890593256
478.14435468149225,18.885705900339573,13.827372363214172,5.3802088495280245,5.728257325308267,53.52088862427622,10.045319132039044,4.611508315136194
525.8036053863401,21.423717684339604,27.894268396837674,4.946174396054951,7.737110146312972,65.38021771734799,23.283540532387498,8.145687657751811
1259.2283820803286,12.940247706398246,16.256427874223945,3.2315081742388596,5.051236294946144,118.82914120642731,21.98338347415503,8.865353081930218
1526.2667923101017,24.947947486293355,8.463677350242682,6.038087386483525,5.670208640939056,70.49515481619191,18.818053277179327,13.636135792346575
507.1083427936646,24.638661792698386,16.84498935137929,6.0603908063054615,5.34852658446103,153.57134897937732,9.01634360714296,10.15001195802903
707.9377608029923,22.695265563592706,10.190837314578292,4.368115662543131,3.977461648719693,53.52939630919627,24.134938346632488,8.739323826376998
885.3888877351274,23.895734099258842,9.551249085493954,5.925315144973682,6.537193043145525,62.86320684451821,8.202361778795677,9.405109857813235
1232.1744111013982,22.074926005660615,16.543006799460557,4.545290526864258,4.419021565763212,60.61774638711347,27.2715966590152,9.817218255615842
553.2857303929406,34.245513119117476,12.155427938855764,2.8770339464342327,2.402740972430067,66.06167509869766,40.85950738511892,8.4856127357231
738.6805385144726,19.39034080263243,13.39287957255903,5.395633678000009,7.15625117885086,165.95149333286878,20.931609172572404,7.139464443302662
994.334394015436,17.850417471657963,12.069926109326463,4.2212262451573555,4.084174375023951,137.7277776166182,22.664865085261944,5.150837700962128
908.6915186166547,14.725306937498356,13.682915633027173,4.0026796935089735,6.762186605153756,202.59663724072425,14.057121848835525,10.51821574251309
705.9609821924752,12.774161305955143,14.124829487180746,6.945907144379149,7.054798220881756,236.05865223395529,3.5182934313054695,10.390757166901526
766.5442588709897,11.288697486792472,2.3151653364729228,0.0,2.142382073069673,38.15697808405962,13.178245095758221,8.190975246142898
456.27604790750456,13.77841880738357,15.332863343047668,1.1646316596808606,1.5934149669336126,104.22514763963733,9.256838071210005,9.747498835009473
740.4565640063337,19.505237328435502,7.089902900848497,1.6258591472512598,2.781411835150597,29.427981001394016,6.423963388679875,9.446242553095153
733.4031274977613,22.340065899484003,4.788504322202944,3.273478704862389,2.4039454430411196,53.343644335103974,31.778879535965196,5.122589816227632
858.042472406564,20.35799440986513,11.707943780706588,3.49078366046794,2.466272593363046,62.19504938465983,20.182900144206183,7.1228653157551305
661.168195295246,14.64125305799201,12.41990501657227,0.9853487044539051,1.5369958504718901,36.570707551703535,21.03750064491187,7.345636021156679
917.8846306362848,26.301291948139742,8.532469177138596,2.0296839353783476,3.215947826336726,36.88676362609518,15.527821078430003,12.837208580593138
1053.1789544549572,25.175888706106633,16.155159288339874,2.2783166429528596,2.3266244453534153,91.34293728878471,16.61703134045251,12.422886351246532
838.8573319171165,18.88246184804588,5.289124168145465,8.914848184151783,7.371176182051347,26.996894896815576,25.716405457914668,9.534380539175267
887.9391020998008,15.429586987347015,9.965281256137205,7.603483895494293,5.9711738559471,150.52761754825798,17.741303050438276,8.365413563248492
813.2888368944668,23.838995445808596,9.075629325334997,3.1765011646307015,1.4639374820072122,44.93478775494915,22.245551504197863,5.611072040951266
800.0210982728536,21.31581511240273,11.767063648303303,3.2728334193864024,1.1516868838591452,268.5741382057835,16.43196561723987,12.152953046664324
619.6104916142881,9.863109184094666,13.394321423236194,1.7015920056234117,1.8329744369599168,72.9169329421363,15.262776874143622,4.2790102181644105
879.123565418327,19.524138208109164,6.960535251882277,0.18373917354946645,1.5337918795990968,104.32105851502314,6.744686675185104,7.311834336310808
775.6783503966276,21.83425068452067,15.621413387281141,3.766239627182952,3.7501406828731816,22.27952893203789,2.178007501062975,6.841639458854418
1323.2920772326488,13.702136494585723,12.315011841673499,2.004296033511949,0.0,202.36550548765837,15.907504791468785,14.055158145296424
1193.3387256188107,21.3289037498621,2.5402687334404472,3.8302989366759803,3.6013863842745217,167.17004084817498,18.45197353594586,9.361572691948032
896.4616381391252,9.816242603195477,2.207042798014845,0.7995883019130452,0.6042295059539167,117.81495224416675,7.710959706329673,2.1844504367789614
609.2356975763081,29.353302700085194,11.938403535353444,2.4760510833794847,4.991249583650012,19.191847073226057,17.72420107972294,8.079587332379718
521.8971320041455,28.735649895416024,10.89516341106823,4.297254190605662,2.548688695102194,112.64001266347722,18.430020503924016,6.428466157847253
1097.7857382722163,18.232378659879245,11.482899432126832,4.732419195567875,4.26360607244884,32.714137238964696,1.0,7.962330478499239
865.6873062867846,22.54418036487351,11.860087717348911,4.834943917484029,6.881967134137506,187.74131580840165,10.67900272416399,9.957249637449388
920.0358508479027,3.130546239400875,13.127799197550903,1.3590220316859254,1.898996041301783,148.55168391119037,21.25811114988375,7.822833290320448
363.85350325645186,11.90556637814267,16.7382480492415,5.709371460271123,6.385347148490833,105.72634230926417,21.09646983516595,8.58653901729382
1031.8596203895452,17.94354755893509,6.444475495412209,2.399576606796299,2.537077931224953,0.0,8.770600668801915,3.7026248593714883
913.6050845535907,12.495068850011986,6.1401420354960266,5.265715829214613,5.66164807560333,40.99504128045816,19.26758440399788,6.109545534361452
522.3923288963805,25.000775378414613,6.533380710563088,3.9787226467636136,4.9118540830978565,141.26566789599235,26.179257802883775,9.487587732623734
682.1187981375127,33.98107571523596,13.444583335843534,1.2472250018441042,0.2758414191727847,172.77302150338934,24.216583671927186,8.442742757122424
865.9293010891299,11.763696963994887,18.224736893232226,3.367604590837624,4.421274885527464,166.5501886895279,17.237713703888524,6.2798271286113945
813.1166995890609,14.137756171403652,9.843302808802449,4.730727484127535,3.0831238638648886,4.479219865512675,14.25618949340566,7.580940176212868
726.9572035491112,21.64813857816951,1.0,5.225930760949198,5.6199723283470435,118.09313840877425,12.965244125323965,9.952126979467936
774.1279329835098,31.277813039497346,3.4800356869481224,3.718024205111163,3.9325133610547556,160.93091298897576,21.742558263277257,9.181794826818138
737.0056554482786,11.443379812220678,7.834816386019942,7.063557781202105,6.324006075371575,0.49986606506529085,19.560831785143105,2.1239837671005457
838.1406280256172,21.743252856148594,9.211355562523927,6.015021541973118,5.987799211582342,99.52572907760582,23.035232048817605,10.047192250531555
1167.8729932482893,32.74909195569176,9.958056863726368,3.4866917672004942,2.7396435840018305,116.43054389850738,19.054990504969215,7.031311538309165
158.33538976717557,8.437685962745128,12.192905614904586,5.500243624273889,4.214202032039796,81.95412490919591,24.550111602779534,5.873271277586984
740.787433872579,11.032515552079175,10.441268345887764,7.867586970376374,7.443249280440001,0.0,18.7567402636616,4.530127819723833
844.1281053431118,17.034753754774133,17.246698052717036,7.920969201566054,6.59618283912006,80.45811339557628,24.27750972905349,6.416164065570319
873.9984974217749,16.355881110012124,8.619913471593156,1.544000238355005,1.9313571952669029,80.36167418469856,24.96658216293311,6.857813991984911
707.0213546696775,25.68820901427551,7.6884102026222845,2.1469337776856987,0.7668311847028626,91.11565572713475,11.563786958201492,7.062154577070779
360.81955438035436,21.691618038745865,14.394377692602308,6.969837573467702,7.824210001056963,66.19171447449583,3.5348476250340326,5.329549130089071
881.9988709285274,7.575265582505102,4.3217896503694035,1.8834378983247255,0.46566301681014144,73.41927080551196,30.347942848116425,7.976258035882334
